<?xml version="1.0" encoding="UTF-8"?>
<krpano version="1.18"
        onstart="startup"
        logkey="false"
        bgcolor="#ffffff"
        projectfloorplanurl=""
        projecttitleid="project_title"
        projectdescriptionid="">


  <security cors="">
    <!--
    <crossdomainxml url="http://RESSOURCES_URL/crossdomain.xml" />
    -->
    <allowdomain domain="*" />
  </security>

  <krpano tour_firststartactiondone="false" />
  <events name="startbehavioursevents" onxmlcomplete="startbehavioursxmlcompleteaction();" keep="true"/>

  <!-- generated by Panotour Pro V2.3.0 64bits : 05-05-2024 20-38-09 -->
  <!-- Plugins and Spot Styles -->
  <include url="%FIRSTXML%/asa_skin.xml"/>
  <!-- Core actions -->
  <include url="%FIRSTXML%/asa_core.xml"/>
  <!-- Tour Messages -->
  <include url="%FIRSTXML%/asa_messages_en.xml"/>

  <action name="startup">

    if (skipintro !== null, skipintroaction(); );
    if (s !== null, if (startscene === null, set(startscene, get(s));); );
    if (startscene === null,
      set(startscene, pano9);
    );
    mainloadscene(get(startscene));
    if (h !== null,
      if (v !== null,
        if (f !== null,
          lookat(get(h), get(v), get(f));
         ,
          lookat(get(h), get(v));
        );
      );
    );
  </action>



  <!-- 2 Groups -->

  <!-- Group Group 11 : 1 panoramas -->
  

<!-- **** @PanoName="Foundation level_Bedroom - Foundation Level" @PanoFile="E:\Fiverr\Projects\01 - Interior Desgin\VR renders\Foundation level_Bedroom - Foundation Level.jpg" **** -->
<scene name="pano9"
       heading="0"
       thumburl="%FIRSTXML%/foundation_level_bed_9/thumbnail.jpg"
       backgroundsound=""
       backgroundsoundloops="0"
       titleid="pano9_title"
       descriptionid=""
       multires="true"
       planar="false"
       full360="true"
       seen="false">


    <autorotate horizon="0.000000" tofov="90.000000" waittime="1" speed="5"/>

    <panoview h="0.000000" v="0.000000" fov="90.000000" hmin="-180" hmax="180" vmin="-90" vmax="90" fovmax="90" />

    <view fisheye="0"
          limitview="range"
          hlookatmin="-180"
          hlookatmax="180"
          vlookatmin="-90"
          vlookatmax="90"
          maxpixelzoom="1.0"
          fovmax="90"
          fov="90.000000"
          hlookat="0.000000"
          vlookat="0.000000"/>

    <preview url="%FIRSTXML%/foundation_level_bed_9/preview.jpg" type="CUBESTRIP" striporder="FRBLUD"/>

    <image type="CUBE" multires="true" baseindex="0" tilesize="512" devices="!androidstock|webgl">
      <level tiledimagewidth="2608" tiledimageheight="2608">
          <front url="foundation_level_bed_9/0/2/%v_%u.jpg"/>
          <right url="foundation_level_bed_9/1/2/%v_%u.jpg"/>
          <back  url="foundation_level_bed_9/2/2/%v_%u.jpg"/>
          <left  url="foundation_level_bed_9/3/2/%v_%u.jpg"/>
          <up    url="foundation_level_bed_9/4/2/%v_%u.jpg"/>
          <down  url="foundation_level_bed_9/5/2/%v_%u.jpg"/>
      </level>
      <level tiledimagewidth="1304" tiledimageheight="1304">
          <front url="foundation_level_bed_9/0/1/%v_%u.jpg"/>
          <right url="foundation_level_bed_9/1/1/%v_%u.jpg"/>
          <back  url="foundation_level_bed_9/2/1/%v_%u.jpg"/>
          <left  url="foundation_level_bed_9/3/1/%v_%u.jpg"/>
          <up    url="foundation_level_bed_9/4/1/%v_%u.jpg"/>
          <down  url="foundation_level_bed_9/5/1/%v_%u.jpg"/>
      </level>
      <level tiledimagewidth="652" tiledimageheight="652">
          <front url="foundation_level_bed_9/0/0/%v_%u.jpg"/>
          <right url="foundation_level_bed_9/1/0/%v_%u.jpg"/>
          <back  url="foundation_level_bed_9/2/0/%v_%u.jpg"/>
          <left  url="foundation_level_bed_9/3/0/%v_%u.jpg"/>
          <up    url="foundation_level_bed_9/4/0/%v_%u.jpg"/>
          <down  url="foundation_level_bed_9/5/0/%v_%u.jpg"/>
      </level>
    </image>
      <image type="CUBE" devices="androidstock+!webgl">
        <front url="foundation_level_bed_9/mobile/0.jpg"/>
        <right url="foundation_level_bed_9/mobile/1.jpg"/>
        <back  url="foundation_level_bed_9/mobile/2.jpg"/>
        <left  url="foundation_level_bed_9/mobile/3.jpg"/>
        <up    url="foundation_level_bed_9/mobile/4.jpg"/>
        <down  url="foundation_level_bed_9/mobile/5.jpg"/>
      </image>



  <!-- **** 1 Point Spots **** -->

  <hotspot name="spotpoint13"
           ath="-127.534884" atv="-7.267081"
           visible="true"
           style="IconDefaultPointSpotStyle1"
           descriptionid=""
           onclick="onclickspotpoint13"
           />
  <hotspot name="spotpoint13" devices="flash" zorder="3"/>
  <hotspot name="spotpoint13" devices="html5+desktop" zorder="3" zorder2="1"/>
  <hotspot name="spotpoint13" devices="tablet|mobile" zorder2="1"/>
  <action name="onclickspotpoint13">
  
        mainloadscene(pano10);
      lookat(get(panoview.h), get(panoview.v), get(panoview.fov));
    


  </action>

  <action name="hidepanopointspots">
    set(hotspot[spotpoint13].visible, false);
  </action>
  <action name="showpanopointspots">
    set(hotspot[spotpoint13].visible, true);
  </action>
  <events name="pano9stopanimatedspots" onremovepano="" />


  <action name="showpanospotsaction">
    if (tour_displayspots,
    showpanopointspots();
    );
  </action>
  <action name="hidepanospotsaction">
    hidepanopointspots();
  </action>


  <action name="setzorder2onstandardspots">
    if (device.html5,
      ifnot (device.desktop,


        tween(hotspot[spotpoint13].zorder2, %1, 0.5, default, copy(urlbckpspotpoint13, hotspot[spotpoint13].url); set(hotspot[spotpoint13].url, ""); copy(hotspot[spotpoint13].url, urlbckpspotpoint13););

      );
    );
  </action>


</scene>


  <!-- Group Group 12 : 1 panoramas -->
  

<!-- **** @PanoName="Foundation level_Creation area" @PanoFile="E:\Fiverr\Projects\01 - Interior Desgin\VR renders\Foundation level_Creation area.jpg" **** -->
<scene name="pano10"
       heading="0"
       thumburl="%FIRSTXML%/foundation_level_cre_10/thumbnail.jpg"
       backgroundsound=""
       backgroundsoundloops="0"
       titleid="pano10_title"
       descriptionid=""
       multires="true"
       planar="false"
       full360="true"
       seen="false">


    <autorotate horizon="0.000000" tofov="90.000000" waittime="1" speed="5"/>

    <panoview h="0.000000" v="0.000000" fov="90.000000" hmin="-180" hmax="180" vmin="-90" vmax="90" fovmax="90" />

    <view fisheye="0"
          limitview="range"
          hlookatmin="-180"
          hlookatmax="180"
          vlookatmin="-90"
          vlookatmax="90"
          maxpixelzoom="1.0"
          fovmax="90"
          fov="90.000000"
          hlookat="0.000000"
          vlookat="0.000000"/>

    <preview url="%FIRSTXML%/foundation_level_cre_10/preview.jpg" type="CUBESTRIP" striporder="FRBLUD"/>

    <image type="CUBE" multires="true" baseindex="0" tilesize="512" devices="!androidstock|webgl">
      <level tiledimagewidth="2608" tiledimageheight="2608">
          <front url="foundation_level_cre_10/0/2/%v_%u.jpg"/>
          <right url="foundation_level_cre_10/1/2/%v_%u.jpg"/>
          <back  url="foundation_level_cre_10/2/2/%v_%u.jpg"/>
          <left  url="foundation_level_cre_10/3/2/%v_%u.jpg"/>
          <up    url="foundation_level_cre_10/4/2/%v_%u.jpg"/>
          <down  url="foundation_level_cre_10/5/2/%v_%u.jpg"/>
      </level>
      <level tiledimagewidth="1304" tiledimageheight="1304">
          <front url="foundation_level_cre_10/0/1/%v_%u.jpg"/>
          <right url="foundation_level_cre_10/1/1/%v_%u.jpg"/>
          <back  url="foundation_level_cre_10/2/1/%v_%u.jpg"/>
          <left  url="foundation_level_cre_10/3/1/%v_%u.jpg"/>
          <up    url="foundation_level_cre_10/4/1/%v_%u.jpg"/>
          <down  url="foundation_level_cre_10/5/1/%v_%u.jpg"/>
      </level>
      <level tiledimagewidth="652" tiledimageheight="652">
          <front url="foundation_level_cre_10/0/0/%v_%u.jpg"/>
          <right url="foundation_level_cre_10/1/0/%v_%u.jpg"/>
          <back  url="foundation_level_cre_10/2/0/%v_%u.jpg"/>
          <left  url="foundation_level_cre_10/3/0/%v_%u.jpg"/>
          <up    url="foundation_level_cre_10/4/0/%v_%u.jpg"/>
          <down  url="foundation_level_cre_10/5/0/%v_%u.jpg"/>
      </level>
    </image>
      <image type="CUBE" devices="androidstock+!webgl">
        <front url="foundation_level_cre_10/mobile/0.jpg"/>
        <right url="foundation_level_cre_10/mobile/1.jpg"/>
        <back  url="foundation_level_cre_10/mobile/2.jpg"/>
        <left  url="foundation_level_cre_10/mobile/3.jpg"/>
        <up    url="foundation_level_cre_10/mobile/4.jpg"/>
        <down  url="foundation_level_cre_10/mobile/5.jpg"/>
      </image>



  <!-- **** 1 Point Spots **** -->

  <hotspot name="spotpoint14"
           ath="72.837209" atv="1.118012"
           visible="true"
           style="IconDefaultPointSpotStyle1"
           descriptionid=""
           onclick="onclickspotpoint14"
           />
  <hotspot name="spotpoint14" devices="flash" zorder="3"/>
  <hotspot name="spotpoint14" devices="html5+desktop" zorder="3" zorder2="1"/>
  <hotspot name="spotpoint14" devices="tablet|mobile" zorder2="1"/>
  <action name="onclickspotpoint14">
  
        mainloadscene(pano9);
      lookat(get(panoview.h), get(panoview.v), get(panoview.fov));
    


  </action>

  <action name="hidepanopointspots">
    set(hotspot[spotpoint14].visible, false);
  </action>
  <action name="showpanopointspots">
    set(hotspot[spotpoint14].visible, true);
  </action>
  <events name="pano10stopanimatedspots" onremovepano="" />


  <action name="showpanospotsaction">
    if (tour_displayspots,
    showpanopointspots();
    );
  </action>
  <action name="hidepanospotsaction">
    hidepanopointspots();
  </action>


  <action name="setzorder2onstandardspots">
    if (device.html5,
      ifnot (device.desktop,


        tween(hotspot[spotpoint14].zorder2, %1, 0.5, default, copy(urlbckpspotpoint14, hotspot[spotpoint14].url); set(hotspot[spotpoint14].url, ""); copy(hotspot[spotpoint14].url, urlbckpspotpoint14););

      );
    );
  </action>


</scene>





</krpano>

